job_name,salary,address,company_name,position_desc
Java实习生,面议,湖北省,招银云创（脉聘）-招银云创（脉聘）,",1、参与系统后台服务的设计和开发；  ,2、对设定的功能进行系统设计、编码、单元测试以及开发文档编写；3、配合进行产品测试和验收工作，组织软件系统的安装调试；  ,4、参与软件模块的代码正规检视、设计文档正规检视、设计评审等质量保证活动；  ,5、维护优化现有应用及日常故障处理。    ,  ,1、掌握Java开发语言，熟悉常用框架（如SSM、Quartz等框架），掌握基本的多线程、IO、数据库操作技能，掌握JavaEE技术，熟悉Tomcat、Jetty、JBoss其中一种的应用服务器安装、调试、配置及使用；  ,2、了解JVM的类加载、GC等机制优先。  ,3、熟悉TCP/IP和HTTP等协议；  ,4、熟练使用Oracle、DB2、MySQL的其中一种数据库，并掌握相应的数据库编程技术；  ,5、对技术有追求，有学习新技术的途径与习惯；  ,6、逻辑能力强，良好的职业素养，较好的沟通能力与技术学习能力，具有团队合作精神，充满工作热情，人品正直诚实，能承受工作压力。"
智慧节能-JAVA开发（大数据开发方向、功能模块开发方向）,5000-10000,北京,中国核工业集团有限公司-同方股份有限公司,"岗位职责： ,（大数据开发方向） ,1. 负责Java应用、Hadoop大数据项目的需求调研、概要设计、详细设计、编码及测试工作； ,2. 与其他成员配合完成数据采集、数据处理、数据分析、图形化展示、报表输出等工作； ,3. 完成领导交给的其他工作。 ,（功能模块开发方向） ,1. 根据开发计划，定制功能模块的开发计划； ,2. 按计划完成功能模块的功能设计、代码实现，编写代码测试单元，并提交测试人员进行功能测试； ,3. 根据测试人员发现的问题，完成功能模块的BUG修复； ,4. 开发模块符合概要设计规范，并编写详细设计说明书； ,5. 为实施人员提供技术支持，解决项目实施过程中遇到的技术问题。 ,任职要求： ,1. 本科及以上学历，计算机及其相关专业； ,2. 熟悉Java语言,具备良好的编程风格,了解其它编程语言优先； ,3. 熟悉软件工程的各个环节：需求调研、概要设计、详细设计、编码、测试、实施；,4. 精通Java EE技术，熟悉Sprint  Boot或Spring+SpringMVC+MyBatis、Hibernate、JSF框架等主流框架； ,5. 精通Oracle、MySQL、DB2等关系型数据库技术，对存储过程有一定了解； ,6. 精通Hadoop环境的搭建、维护，以及常用组件的使用，如：Spark/Spark-Streaming/Beam等； ,7. 有数据中台、了解微服务开发理念、实现技术优先； ,8. 有地理信息及地理三维工作经验优先； ,9. 熟悉Unix、Linux系统，熟悉Shell、Perl等脚本语言。"
JAVA开发工程师,面议,贵州省-贵阳,中国航天科工集团贵州航天技术研究院-贵州航天智慧农业有限公司,"岗位职责,1.完成软件系统代码的实现，编写代码注释和开发文档； ,2.辅助进行系统的功能定义,程序设计； ,3.根据设计文档或需求说明完成代码编写，调试，测试和维护； ,4.分析并解决软件开发过程中的问题； ,5.协助测试工程师制定测试计划，定位发现的问题； ,6.配合项目经理完成相关任务目标； ,7.完成领导安排的其他工作。,岗位要求,1.本科以上学历，具有三年以上JAVA开发工作经验； ,2.精通JAVA语言编程，有扎实的基础知识，对面向对象编程有较深的意识和理解； ,3.熟悉J2EE架构、SpringBoot、SpringCloud、Hibernate、Mybatis和基于MVC的开发模式；熟练使用IDEA、Eclipse等开发工具； ,4.熟悉tomcat、weblogic、websphere、jboss；熟悉linux系统、Mysql或Oacle等关系型数据库； ,5.熟悉Soket、Tcp/Ip开发； ,6.熟悉redis、kafka、rocketmq中的至少一种。"
JAVA开发工程师,面议,四川省-成都,中国电子科技网络信息安全有限公司-中国网安总部及三十所,"职责描述：  ,1.负责应用软件模块的设计、需求分析、开发、技术文档编写；  ,2.负责完成功能模块的单元测试；  ,3.负责与软件外包团队的需求对接、进度检查、项目管理。  ,任职要求：  ,1.本科及以上学历，计算机、软件等相关专业；  ,2.熟练运用Java开发语言，有spring boot、spring cloud、SSM等框架运用经验；  ,3.具备Css、javaScript等前端开发、Go语言和node.js的开发能力；  ,4.熟悉TCP/IP通信协议、P2P协议、分布式存储系统的基本原理；  ,5.具有较强的调试和解决问题的能力；  ,6.具有良好的沟通能力和团队合作精神。"
Java开发工程师（武汉）,面议,湖北省-武汉,中华英才网云招聘-招银云创,",1、参与系统后台服务的设计和开发； ,2、对设定的功能进行系统设计、编码、单元测试以及开发文档编写； ,3、配合进行产品测试和验收工作，组织软件系统的安装调试； ,4、参与软件模块的代码正规检视、设计文档正规检视、设计评审等质量保证活动； ,5、维护优化现有应用及日常故障处理。 ,  ,1、2021/2020届统招全日制本科毕业，计算机相关专业； ,2、Java语言基础扎实，对面向对象和J2EE有较清晰的认识，熟悉主流Java Web框架，熟悉各种常用设计模式； ,3、熟练掌握SQL语言，熟悉MySQL, Oracle等关系型数据库，熟悉linux操作系统； ,4、热爱软件开发，沟通能力好、学习能力强、工作踏实、积极主动，有团队合作精神； ,5、加分项：在校成绩优异、有大企业java实习经验、熟悉web前端技术、熟悉python/C++/GO、可实习。"
Java开发工程师（武汉）,面议,湖北省-武汉,上海宝尊电子商务有限公司（脉聘）-招银云创,",1、参与系统后台服务的设计和开发；  ,2、对设定的功能进行系统设计、编码、单元测试以及开发文档编写；  ,3、配合进行产品测试和验收工作，组织软件系统的安装调试；  ,4、参与软件模块的代码正规检视、设计文档正规检视、设计评审等质量保证活动；  ,5、维护优化现有应用及日常故障处理。  ,  ,1、2021/2020届统招全日制本科毕业，计算机相关专业；  ,2、Java语言基础扎实，对面向对象和J2EE有较清晰的认识，熟悉主流Java Web框架，熟悉各种常用设计模式；  ,3、熟练掌握SQL语言，熟悉MySQL, Oracle等关系型数据库，熟悉linux操作系统；  ,4、热爱软件开发，沟通能力好、学习能力强、工作踏实、积极主动，有团队合作精神；  ,5、加分项：在校成绩优异、有大企业java实习经验、熟悉web前端技术、熟悉python/C++/GO、可实习。,注：面试为线下面试，预计在3月20日左右"
java开发工程师,面议,山西省,大同人社局-北京大豪科技股份有限公司,
初级Java开发,面议,北京,北京市人才服务中心-北京启元资本市场发展服务有限公司,1、参与项目开发工作，包括业务开发和平台开发。 职位要求：  1、本科学历以上，计算机相关专业，2021应届毕业生。  2、具有扎实的计算机科学基础知识。  3、掌握Java面向对象设计开发技术以及MySQL数据库使用。  4、具有良好的沟通能力。  5、具有优秀的学习能力，踏实肯干。  6、有Java后端项目经验者优先。
高级软件研发工程师（Java方向）,面议,北京 四川省-成都,中电科网络空间安全研究院有限公司-中电科网络空间安全研究院有限公司,"职责描述：,1.负责模块软件设计； ,2.负责相关项目功能模块的编程实现； ,3.完成功能模块的单元测试； ,4.配合完成项目的集成测试和系统测试。,岗位要求：,1.电子、通信等相关专业； ,2.通信与信息系统、信号处理、测向等相关专业，掌握数字信号处理、模/数电、通信原理、软件工程、软件无线电等课程知识； ,3.熟练掌握信号处理等基础知识，具有一定的独立设计信号处理能力，从事测向和定位等算法研究、设计者优先； ,4.掌握MATLAB、DSP、FPGA、VC等开发语言优先；  ,5.责任心强，能吃苦耐劳；创新性强。"
JAVA工程师,面议,,北京市人才服务中心-中国人寿保险股份有限公司北京市海淀支公司,
JAVA开发工程师,面议,北京,首都信息发展股份有限公司,"人数：5,工作地点：北京 ,所需专业：计算机相关专业,学历：研究生,学位：硕士,月薪：13K,岗位要求：,1、计算机及相关专业，掌握Java语言，熟悉J2EE相关技术技术； ,2、了解J2EE架构和开发模式，了解MVC设计模式，了解HTML、CSS、JavaScript、JQuery、Ajax等常用语言； ,3、了解SQL，接触过Oracle、MySql等至少一种主流关系数据库； ,4、具备良好的团队协作精神，优秀的学习能力； ,5、具有很强的学习和独立分析能力、工作责任心、良好的沟通能力和团体合作精神。,其它说明：择优解决北京户口"
Java开发,面议,北京,北京大豪科技股份有限公司,"人数：1,工作地点：北京 ,所需专业：计算机、软件工程相关,学历：本科/研究生,学位：学士/硕士,月薪：6-10k,岗位要求：,    岗位职责： ,1.负责工业互联网平台产品的总体技术框架的规划与设计、持续优化； ,2.负责完成的软件系统技术方案设计 ,3.编写技术文档，制定技术规范，对设计系统的最终性能和稳定性负责。  ,    任职要求： ,1.本科或以上学历，计算机或软件工程相关专业； ,2.熟悉 Spring Boot、Spring Cloud等，能够进行核心代码编写，系统性能优化； ,3.精通Mysql数据库、Redis, mongodb等数据库相关技术； ,4.熟悉分布式应用、分布式消息系统设计。"
java开发工程师,18000-25000,北京,北京市人才服务中心-北京合众思壮时空物联科技有限公司,"岗位职责：  ,1、遵循公司、研发部门规章制度； ,2、根据项目需求、开发进度要求以及上级主管的任务分配，完成系统模块的设计和开发； ,3、对自己所负责的开发内容，提供逻辑清晰的开发说明文档；  ,4、对所开发部分内容的进行自测并输出测试结果；  ,5、对所开发的产品提供安装说明、使用说明文档；  、,6、对现有软件产品的问题进行定位分析并修复；  ,7、定期向上级领导汇报个人工作情况；  ,8、对于公司安排的其他工作，及时向上级领导汇报情况。 ,任职要求：  ,1、本科以上学历，3年以上Java开发经验；  ,2、熟练使用Hibernate、Mybatis、Spring、Struts、SpringMVC、Spring Boot/Spring Cloud等开发框架进行业务开发，熟悉MVC架构；  ,3、对于多线程并发、网络编程、IO有一定的掌握和应用经验；  ,4、熟悉NoSQL、缓存等技术并有一定的应用经验；  ,5、熟悉大数据生态圈常用框架和技术。  ,6、可独立搭建Java开发环境，熟练使用Myeclipse、Eclipse、IntelliJ IDEA等IDE中的至少一种；  ,7、熟练使用Linux环境进行部署、调试；  ,8、熟悉JBOSS、TOMCAT等容器的配置与应用；  ,9、熟练使用SQL，熟悉PostgreSQL、Oracle、MySQL、SQL Server等主流数据库的安装和应用；  ,10、具备一定的自测意识，熟练使用Junit等工具进行单元测试；  ,11、有较强的自学能力和独立解决问题的意识，具备一定的代码设计能力，思维敏捷、思路清晰，熟悉常用的设计模式；  ,12、有主动的团队合作开发精神与意识，有良好的沟通协调能力；  ,13、熟悉RESTful API开发；  ,14、熟悉Flink、scala者优先；  ,15、掌握Node.js开发者优先；  ,16、有互联网应用服务端开发经验者优先。"
JAVA工程师,面议,北京,北京市人才服务中心-北京数码视讯支付技术有限公司,"计算机和软件相关专业,具有良好的科研基础、良好的学习能力和责任心。,可入博士后站"
Java开发,6000-10000,北京,北京大豪科技股份有限公司,
初级Java开发工程师,面议,湖北省,招银云创（脉聘）-招银云创（脉聘）,",1、参与系统后台服务的设计和开发； ,2、对设定的功能进行系统设计、编码、单元测试以及开发文档编写； ,3、配合进行产品测试和验收工作，组织软件系统的安装调试； ,4、参与软件模块的代码正规检视、设计文档正规检视、设计评审等质量保证活动；  ,5、维护优化现有应用及日常故障处理。  , , ,1、掌握Java开发语言，熟悉常用框架（如SSM、Quartz等框架），掌握基本的多线程、IO、数据库操作技能，了解JVM的类加载、GC等机制，掌握JavaEE技术，熟悉Tomcat、Jetty、JBoss等应用服务器的安装、调试、配置及使用；  ,2、熟悉TCP/IP和HTTP等协议；  ,3、熟练使用Oracle、DB2、MySQL的其中一种数据库，并掌握相应的数据库编程技术；  ,4、了解缓存、队列等分布式架构技术；  ,5、对技术有追求，有学习新技术的途径与习惯；  ,6、逻辑能力强，良好的职业素养，较好的沟通能力与技术学习能力，具有团队合作精神，充满工作热情，人品正直诚实，能承受工作压力。"
JAVA开发工程师,面议,四川省-成都,中国电子科技网络信息安全有限公司-中国网安总部及三十所,"职责描述：,1.负责应用软件模块的设计、需求分析、开发、技术文档编写； ,2.负责完成功能模块的单元测试； ,3.负责与软件外包团队的需求对接、进度检查、项目管理。,任职要求：,1.本科及以上学历，计算机、软件等相关专业； ,2.熟练运用Java开发语言，有spring boot、spring cloud、SSM等框架运用经验； ,3.具备Css、javaScript等前端开发、Go语言和node.js的开发能力； ,4.熟悉TCP/IP通信协议、P2P协议、分布式存储系统的基本原理； ,5.具有较强的调试和解决问题的能力； ,6.具有良好的沟通能力和团队合作精神。"
技术部Java工程师（新华互联）,面议,,中国出版集团-新华书店总店有限公司,"软件工程/计算机科学与技术,本科及以上,1.参与公司互联网产品架构设计、开发实现工作； ,2.参与撰写公司互联网产品研发过程中概要设计文档、详细设计文档、接口文档等； ,3.参与公司互联网产品在实现过程中的技术难题，如分布式系统设计、性能调优、可靠性、数据库等。,1.计算机、软件等相关专业统招大学本科及以上学历； ,2.热爱编程，基础扎实，熟悉掌握但不限于JAVA/Python/JS/GO等编程语言中的一种或数种，有良好的编程习惯； ,3.具备独立工作能力和解决问题的能力、善于沟通，乐于合作，热衷新技术，善于总结分享，喜欢动手实践； ,4.对数据结构、算法有一定了解； ,5.优选条件： ,（1）具有互联网软件等相关产品开发经验，不满足于课堂所学，在校期间积极参加校内外软件编程大赛或积极参于编程开源社区组织； ,（2）熟悉Spring/SpringBoot/Dubbo/Redis/Nginx/MQ/ES等后端开发技术及中间件使用。"
高级Java工程师,面议,北京,58 X 腾讯课堂-龙湖集团,
信息科技中心-APP后台JAVA开发,面议,其他,58 X 腾讯课堂-大家保险集团,"。,。,。"
校招-软件开发与创新岗（Java方向/C语言方向）,面议,其他,58 X 腾讯课堂-中国人寿研发中心,
Java开发工程师,面议,湖北省-武汉 北京,北京市人才服务中心-京东集团,"1-2020年10月1日至2021年9月30日期间毕业，统招本科及以上学历； ,2-具有非常强的责任心，能够承担压力做事细心，参与独立系统的设计、开发、维护工作； ,3-了解web前端开发的基础知识，会面向对象程序设计（OOP）与基本的设计模式，了解linux及基本的操作命令； ,4-具有良好的算法基础及系统分析能力； ,5-认真细致，踏实勤奋，具有较好的团队协作精神和沟通能力。"
Java 开发工程师-产品中心,面议,北京,北京东方金信科技有限公司,
Java开发工程师,面议,北京,58 X 腾讯课堂-中国民航信息网络股份有限公司,
Java后台开发工程师-研发类（中航信移动科技有限公司）,面议,北京,58 X 腾讯课堂-中国民航信息网络股份有限公司,
Java开发工程师-数据研究院,面议,北京,北京东方金信科技有限公司,
JAVA软件开发工程师,面议,北京,58 X 腾讯课堂-京东,
JAVA实习生,面议,湖北省-武汉,中华英才网云招聘-武汉大润发江汉超市发展有限公司,"职位介绍：  ,1.参与模块开发和交付；  ,2.负责编码，单元测试；  ,3.解决产品中存在的技术问题；  ,4.能够独立完成主管交付的研发任务。  ,岗位要求：  ,1.本科及以上学历，计算机相关专业，有大型互联网开发经验者优先；  ,2.对各种开源框架如Hibernate、Spring、Struts等有较深了解；  ,3.熟悉OOD、OOP；  ,4.熟悉HTML/CSS/JavaScript等, 熟悉基于数据库的设计和开发； 熟悉Linux操作系统；  ,5.熟练使用Eclipse等开发工具；  ,6.具有良好的沟通能力，有较强的独立工作能力和解决问题的能力；  ,7.熟悉软件设计流程和软件工程规范，具备良好而规范的设计和技术文档编写能力； 有良好的钻研能力、学习能力、团队协作能力、沟通能力。  ,8.2020级毕业生，逻辑缜密，反应迅速，理解沟通能力强；  ,9.专业为计算机或信息管理相关领域者优先，能掌握基本数据库与程式语言原理尤佳；  ,10.有好奇心与观察力，喜欢思考原理原则，能归纳事情的同异，并能清楚表达想法；  ,11.动作迅速，细心踏实，积极负责。  ,福利待遇：  1.入职可享受3-6个月的带薪培训；  ,2. 入职一年后即可参加《员工信托受益方案》  ,3. 人性化的管理制度，宽松高效的工作氛围，照顾同仁、安全安心的工作环境；  ,4. 提供午餐补助，干净卫生的员工食堂、超市购物员工打折卡、生日慰问，生病探望等福利。  ,5.丰富多样的员工业余生活，动感舞蹈、美体瑜珈、快乐羽毛球、员工生日会！  ,工作地点：武汉"
Java开发工程师,面议,广东省-佛山,盈峰环境科技集团股份有限公司,"需求专业：计算机科学与技术,招聘人数：1人,学历要求：本科,工作地点：佛山"
软件开发岗 （Java开发方向）,面议,北京,中华英才网云招聘-中国人寿财产保险股份有限公司,
JAVA 开发专家,面议,北京,58 X 腾讯课堂-京东,
Java工程师,面议,上海,英才海外频道-Micro Focus,
Java开发工程师（苏州）,面议,,中移（苏州）软件技术有限公司-中移（苏州）软件技术有限公司,
Java研发实习生,面议,北京,度小满科技（北京）有限公司,"需求人数：10  需求专业：计算机相关专业优先  学历要求：本科及以上 工作地点：北京/上海 ,1.java基础良好，熟悉主流的java开发框架以及通用算法； 2.熟悉至少一种主流的数据库，如oracle，mysql； 3.较好的逻辑分析能力，思维缜密、思路清晰； 4.良好的沟通和口头、书面表达能力； 5.有数据BI分析相关项目实习开发经验的优先。"
Java开发工程师,面议,,济南数维信息科技有限公司,
java开发工程师,面议,内蒙古自治区 北京,北京科电亿网互联网科技有限公司,
Java开发工程师,6000-10000,浙江省-杭州,杭州易和互联软件技术有限公司,
JAVA（软件）开发工程师,面议,北京,大公国际资信评估有限公司,
系统开发工程师 （Java方向）,面议,上海,中国人民大学2020年经管专场全职/实习网络双选会-东方证券资产管理有限公司,
Java开发工程师（校招）,面议,北京,阳光产险信保事业部,
（2020届春招）应用软件开发工程师（Java）,面议,浙江省-杭州,海康威视,
JAVA开发工程师,面议,四川省-绵阳,四川长虹电子控股集团有限公司软件与服务中心,
Java开发工程师,面议,江苏省-苏州,中华英才网云招聘-中国移动云能力中心,
Java开发工程师,面议,天津,北京联想云科技有限公司,"计算机相关专业；  ,5人；  ,天津。"
系统开发工程师 （Java方向）,面议,上海,东方证券资产管理有限公司,"需求专业：计算机相关专业,招聘人数：2,学历要求：硕士  ,工作地点：上海"
java开发工程师,面议,山东省-烟台,北京科技大学线上招聘会-烟台东方威思顿电气有限公司,
中控Java开发工程师,面议,北京,北京金山云网络技术有限公司,"岗位要求：,1.掌握Java语言基础知识，熟悉Java开发环境，熟悉Maven，Spring MVC等工具和框架 ,2.熟悉常见数据结构和算法 ,3.熟悉TCP/IP网络协议和Socket编程，熟练使用Linux操作系统 ,4.热爱研发，乐于与人沟通，交流,招聘专业：计算机相关专业,学历要求：本科及以上,招聘人数：3人,工作地点：北京"
Java开发工程师,面议,陕西省-西安,西安中服软件有限公司,"需求专业：计算机相关专业,学历要求：本科,招聘人数：20人,工作地点：西安"
Java软件架构师,面议,陕西省-西安 北京,北京科技大学线上招聘会-北京中科辅龙智能技术有限公司,"计算机相关专业，熟练使用linux、unix等操作系统，精通SpringBoot、VUE、jQuery、html5,学历：本科及以上      招聘人数：20     工作地点：北京/西安"
云存储Java开发工程师,面议,北京,北京金山云网络技术有限公司,"岗位要求：,1. 熟悉Linux/Unix平台上的Java等语言编程，熟悉常用脚本语言Shell、Python等； ,2. 熟悉常用算法和数据结构，熟悉网络编程、多线程编程技术； ,3. 善于学习新的知识，对解决具有挑战性问题充满激情；,4. 良好的团队合作精神，较强的沟通能力 5. 熟悉hadoop等大数据处理技术优先,招聘专业：计算机相关专业,学历要求：本科及以上,招聘人数：3人,工作地点：北京"
JAVA软件开发工程师,面议,北京,北京科技大学线上招聘会-中科软科技股份有限公司,
Java开发实习生,面议,北京,北京科技大学线上招聘会-东吴（苏州）金融科技有限公司,
Java开发工程师,面议,北京,北京科技大学线上招聘会-北京数慧时空信息技术有限公司,
Java开发工程师,面议,北京,北京科技大学线上招聘会-朗新科技股份有限公司,"需求专业：计算机/软件工程/信息管理/数学与应用数学等理工科类专业,工作地点：北京、无锡、杭州、武汉,学历要求：本科；招聘人数：50人"
JAVA开发工程师,面议,四川省-成都,中国电子科技网络信息安全有限公司-中国电子科技集团公司第三十研究所,
Java研发工程师,面议,北京,北京科技大学线上招聘会-百度在线网络技术（北京）有限公司,
Java开发工程师,面议,北京,北京科技大学线上招聘会-北京庚图科技有限公司,
JAVA研发工程师,面议,广东省-广州,世纪龙信息网络有限责任公司,", 从事中国电信21CN产品业务服务平台的开发、优化及运营维护工作；应用业界主流架构，提升网络并发接入性能，优化业务处理流程，保障用户数据安全，为海量互联网用户提供高质量的业务支撑平台。  ,  ,1、计算机相关专业硕士研究生及以上学历；   ,2、计算机基础知识扎实，掌握操作系统、软件工程、常用算法、数据结构、数据库、网络等专业知识；   ,3、至少掌握一种编程语言，熟悉Java编程语言、开发工具、主流Java Web开源框架；  ,4、了解MySQL数据库及SQL语言，了解主流NoSQL数据库原理；   ,5、良好的编码习惯和编程思想，较强的自我驱动学习能力；   ,6、热爱编程，对技术有强烈的好奇心，具备较强执行力和抗压能力。"
服务端开发工程师-Java方向,面议,上海,北京科技大学线上招聘会-东方财富信息股份有限公司,"计算机相关专业,工作地点：上海；学历要求：本科及以上；招聘人数：10人"
Java開發,面议,北京,北京科技大学线上招聘会-富士康工业互联网股份有限公司,"专业：计算机类,学历：本科及以上,人数：7,工作地：上海，深圳"
Java高级开发工程师,15000-20000,,北京五八信息技术有限公司,
Java开发,面议,四川省-成都,中华英才网云招聘-成都卫士通信息产业股份有限公司,
JAVA工程师,面议,,中国出版集团-中版集团数字传媒有限公司,
JAVA开发工程师,面议,福建省-厦门 北京,北京科技大学线上招聘会-北京时代凌宇科技股份有限公司,"计算机、自动化、通信等理工科相关专业,学历：本科及以上,工作地：北京，厦门,招聘人数：2"
Java开发工程师,面议,北京,58同城-北京五八信息技术有限公司,
Java高级开发工程师,15000-20000,,北京五八信息技术有限公司,
JAVA研发工程师,面议,广东省-广州,世纪龙信息网络有限责任公司-世纪龙信息网络有限责任公司,
Java大数据开发工程师,15000-25000,广东省-广州,软通动力信息技术有限公司-软通动力信息技术有限公司,
Java开发工程师（苏州）,面议,江苏省-苏州,中移（苏州）软件技术有限公司-中移（苏州）软件技术有限公司,
Java开发工程师,面议,上海 北京,北京科技大学线上招聘会-北京思特奇信息技术股份有限公司,"1、计算机与通信工程学院： 计算机科学与技术/软件工程/信息与通信工程；,2、技术类 Java开发工程师 1、参与项目功能实现及模块开发；,3、有机会参与改进系统的稳定性及易用性，提升用户体验；,4、有机会参与前瞻技术的跟踪调研和产品创新；,5、有机会参与Java核心产品功能和架构开发；,学历：本科及以上,工作地：北京，上海，广州，山东，山西，吉林，黑龙江，安徽，湖北，四川，重庆，新疆,人数：50"
java开发工程师,面议,北京,中国电子科技网络信息安全有限公司-中电科网络空间安全研究院有限公司,
高级JAVA开发工程师,面议,天津,天津联通-产业互联网研究院-系统集成中心（RPO）-天津联通-产业互联网研究院-系统集成中心,
Java,面议,北京,北京科技大学线上招聘会-北京启明星辰信息安全技术有限公司,"需求专业：计算机/软件工程/信息安全等,学历：本科及以上          工作地：北京           人数：6"
JAVA开发工程师,面议,天津,天津联通-产业互联网研究院-系统集成中心（RPO）-天津联通-产业互联网研究院-系统集成中心,"1.负责项目及产品需求分析、系统设计、功能开发、数据库设计； ,2.配合项目经理完成复杂项目的拆解，并独立完成相关模块的开发工作； 3根据项目计划，按时完成编码，并确保代码质量； ,4.负责所开发项目的联调测试、部署上线及日常维护工作，解决软件研发及维护过程中存在的各种问题，优化代码结构和系统性能； ,5.负责项目及产品研发过程中各种技术文档编写； ,6.事业部安排的其他工作。,1.全日制大学本科及以上学历，计算机、软件工程相关专业，至少3年以上JAVA软件开发经验； ,2.精通Java开发，Java语言基础扎实，对Java内存管理、垃圾回收、NIO及集合有深入理解，熟悉多线程技术； ,3.熟练掌握Spring Boot、Spring Cloud等Java主流技术框架，能快速完成SSH/SSM/SSI框架搭建及开发； ,4.熟悉HTML5、Jsp、Css、Javascript、JQuery、Ajax开发； ,5.熟悉Oracle、MySQL、Sqlserver等关系数据库技术； ,6.熟悉Memcache、Redis、ElasticSearch、RabbitMQ、Kafka、MongoDB、Hbase、Nginx、Tomcat等技术，具有大型分布式系统架构设计及高并发、高访问量项目开发经验者优先； ,7.熟悉Hadoop、HDFS、Mapreduce、Flink、Spark、Storm、Hive、 Hbase、Flume、Kylin等相关技术的基础架构，具有海量数据处理经验者优先； ,8.在实时计算、流计算、多维度olap分析方面有实践经验者优先； ,9.具备较强的理解能力和沟通能力，能独立解决遇到技术难题，具有良好的团队合作精神。"
JAVA开发工程师,面议,四川省-绵阳,中华英才网云招聘-四川长虹电子控股集团有限公司软件与服务中心,
Java开发工程师-广州,面议,广东省-广州,北京国双科技有限公司-技术类,
Java开发工程师-上海,面议,上海,北京国双科技有限公司-技术类,
JAVA开发工程师,面议,四川省 四川省-成都,中国电子科技网络信息安全有限公司-中国电子科技集团公司第三十研究所,"1.负责应用软件模块的设计、需求分析、开发、技术文档编写； ,2.负责完成功能模块的单元测试； ,3.负责与软件外包团队的需求对接、进度检查、项目管理。,1.硕士及以上学历，计算机、软件等相关专业； ,2.熟练运用Java开发语言，有spring boot、spring cloud、SSM等框架运用经验； ,3.具备Css、javaScript等前端开发、Go语言和node.js的开发能力； ,4.熟悉TCP/IP通信协议、P2P协议、分布式存储系统的基本原理； ,5.具有较强的调试和解决问题的能力； ,6.具有良好的沟通能力和团队合作精神。"
Java开发（天翼）,面议,北京,英才RPO社招-天翼电子商务有限公司,
JAVA开发工程师（武汉）,面议,湖北省-武汉,北京神州绿盟信息安全科技股份有限公司-武汉研发,
软件开发工程师 （Java/C/Hadoop),面议,湖北省-武汉,烽火科技集团有限公司-武汉烽火众智数字技术有限责任公司,
JAVA开发工程师（武汉）,面议,湖北省-武汉,广东亿迅科技有限公司-广东亿迅科技有限公司,
JAVA开发工程师(广州),面议,广东省-广州,广东亿迅科技有限公司-广东亿迅科技有限公司,
软件开发工程师（Java/C++）,面议,广东省-广州 广东省-深圳,烽火科技集团有限公司-武汉烽火众智数字技术有限责任公司,
Java开发工程师,面议,北京,中国民航信息网络股份有限公司（脉聘）-中国民航信息网络股份有限公司（脉聘）,"职位描述：,1、扎实的数据结构和算法基础，熟悉Java编程语言； ,2、熟悉操作系统基本原理，熟悉Unix/Linux基本操作； ,3、有优秀的逻辑分析能力，能够对业务逻辑进行合理的抽象和拆分； 4、具备较强的学习能力和沟通能力，具备良好的团队合作精神。,任职要求 ：,1、2020届本科及以上学历，计算机及理工科相关专业； ,2、有扎实的计算机知识基础，较好的掌握了java基础、软件工程、数据库等课程知识； ,3、掌握java、web开发，linux等基础技术；,4、有相关实习经验优先。"
JAVA研发工程师,面议,贵州省-贵阳 四川省-成都,中电科大数据研究院有限公司-中电科大数据研究院有限公司,1、  负责所在业务方向相关产品的后端开发及系统架构优化，独立完成建模设计、接口设计，承担相关系统程序的性能提升、代码优化。2、  独立完成模块功能开发、单元测试、Bug修复、项目上线，并按规范书写思路清晰的概要设计和详细设计。3、  参与团队的技术文档和开发规范的制订，并对开发过程进行周期性总结，持续地优化开发流程。 4、 参与项目或产品的需求分析讨论及技术设计。
Java开发工程师- 成都,面议,四川省-成都,北京国双科技有限公司-技术类,
JAVA工程师,面议,广东省-广州,广州小迈网络科技有限公司-广州小迈网络科技有限公司,
JAVA开发工程师,面议,北京,英才海外频道-金风科技,
Java开发工程师-深圳,面议,广东省-深圳,北京国双科技有限公司-技术类,"岗位职责：,1、参与公司软件产品的代码编写工作；,2、参与软件研发过程中的文档撰写。, ,任职要求：,1.计算机以及相关专业，本科及以上2019年应届毕业生，专业基础扎实，热爱编程；,2.熟练掌握至少一种编程语言，编程基础扎实，熟悉数据结构，逻辑思维能力强；,3.有责任心、细致、有耐心、具有良好的团队合作意识；,4.有.net core、Java、python或数据库开发经验者优先；,5.有大数据平台开发经验者优先。"
job_name,salary,address,company_name,position_desc
JAVA开发工程师,面议,北京,首都信息发展股份有限公司,"人数：5,工作地点：北京 ,所需专业：计算机相关专业,学历：研究生,学位：硕士,月薪：13K,岗位要求：,1、计算机及相关专业，掌握Java语言，熟悉J2EE相关技术技术； ,2、了解J2EE架构和开发模式，了解MVC设计模式，了解HTML、CSS、JavaScript、JQuery、Ajax等常用语言； ,3、了解SQL，接触过Oracle、MySql等至少一种主流关系数据库； ,4、具备良好的团队协作精神，优秀的学习能力； ,5、具有很强的学习和独立分析能力、工作责任心、良好的沟通能力和团体合作精神。,其它说明：择优解决北京户口"
java开发工程师,面议,山西省,大同人社局-北京大豪科技股份有限公司,
智慧节能-JAVA开发（大数据开发方向、功能模块开发方向）,5000-10000,北京,中国核工业集团有限公司-同方股份有限公司,"岗位职责： ,（大数据开发方向） ,1. 负责Java应用、Hadoop大数据项目的需求调研、概要设计、详细设计、编码及测试工作； ,2. 与其他成员配合完成数据采集、数据处理、数据分析、图形化展示、报表输出等工作； ,3. 完成领导交给的其他工作。 ,（功能模块开发方向） ,1. 根据开发计划，定制功能模块的开发计划； ,2. 按计划完成功能模块的功能设计、代码实现，编写代码测试单元，并提交测试人员进行功能测试； ,3. 根据测试人员发现的问题，完成功能模块的BUG修复； ,4. 开发模块符合概要设计规范，并编写详细设计说明书； ,5. 为实施人员提供技术支持，解决项目实施过程中遇到的技术问题。 ,任职要求： ,1. 本科及以上学历，计算机及其相关专业； ,2. 熟悉Java语言,具备良好的编程风格,了解其它编程语言优先； ,3. 熟悉软件工程的各个环节：需求调研、概要设计、详细设计、编码、测试、实施；,4. 精通Java EE技术，熟悉Sprint  Boot或Spring+SpringMVC+MyBatis、Hibernate、JSF框架等主流框架； ,5. 精通Oracle、MySQL、DB2等关系型数据库技术，对存储过程有一定了解； ,6. 精通Hadoop环境的搭建、维护，以及常用组件的使用，如：Spark/Spark-Streaming/Beam等； ,7. 有数据中台、了解微服务开发理念、实现技术优先； ,8. 有地理信息及地理三维工作经验优先； ,9. 熟悉Unix、Linux系统，熟悉Shell、Perl等脚本语言。"
初级Java开发,面议,北京,北京市人才服务中心-北京启元资本市场发展服务有限公司,1、参与项目开发工作，包括业务开发和平台开发。 职位要求：  1、本科学历以上，计算机相关专业，2021应届毕业生。  2、具有扎实的计算机科学基础知识。  3、掌握Java面向对象设计开发技术以及MySQL数据库使用。  4、具有良好的沟通能力。  5、具有优秀的学习能力，踏实肯干。  6、有Java后端项目经验者优先。
Java实习生,面议,湖北省,招银云创（脉聘）-招银云创（脉聘）,",1、参与系统后台服务的设计和开发；  ,2、对设定的功能进行系统设计、编码、单元测试以及开发文档编写；3、配合进行产品测试和验收工作，组织软件系统的安装调试；  ,4、参与软件模块的代码正规检视、设计文档正规检视、设计评审等质量保证活动；  ,5、维护优化现有应用及日常故障处理。    ,  ,1、掌握Java开发语言，熟悉常用框架（如SSM、Quartz等框架），掌握基本的多线程、IO、数据库操作技能，掌握JavaEE技术，熟悉Tomcat、Jetty、JBoss其中一种的应用服务器安装、调试、配置及使用；  ,2、了解JVM的类加载、GC等机制优先。  ,3、熟悉TCP/IP和HTTP等协议；  ,4、熟练使用Oracle、DB2、MySQL的其中一种数据库，并掌握相应的数据库编程技术；  ,5、对技术有追求，有学习新技术的途径与习惯；  ,6、逻辑能力强，良好的职业素养，较好的沟通能力与技术学习能力，具有团队合作精神，充满工作热情，人品正直诚实，能承受工作压力。"
JAVA开发工程师,面议,贵州省-贵阳,中国航天科工集团贵州航天技术研究院-贵州航天智慧农业有限公司,"岗位职责,1.完成软件系统代码的实现，编写代码注释和开发文档； ,2.辅助进行系统的功能定义,程序设计； ,3.根据设计文档或需求说明完成代码编写，调试，测试和维护； ,4.分析并解决软件开发过程中的问题； ,5.协助测试工程师制定测试计划，定位发现的问题； ,6.配合项目经理完成相关任务目标； ,7.完成领导安排的其他工作。,岗位要求,1.本科以上学历，具有三年以上JAVA开发工作经验； ,2.精通JAVA语言编程，有扎实的基础知识，对面向对象编程有较深的意识和理解； ,3.熟悉J2EE架构、SpringBoot、SpringCloud、Hibernate、Mybatis和基于MVC的开发模式；熟练使用IDEA、Eclipse等开发工具； ,4.熟悉tomcat、weblogic、websphere、jboss；熟悉linux系统、Mysql或Oacle等关系型数据库； ,5.熟悉Soket、Tcp/Ip开发； ,6.熟悉redis、kafka、rocketmq中的至少一种。"
java开发工程师,18000-25000,北京,北京市人才服务中心-北京合众思壮时空物联科技有限公司,"岗位职责：  ,1、遵循公司、研发部门规章制度； ,2、根据项目需求、开发进度要求以及上级主管的任务分配，完成系统模块的设计和开发； ,3、对自己所负责的开发内容，提供逻辑清晰的开发说明文档；  ,4、对所开发部分内容的进行自测并输出测试结果；  ,5、对所开发的产品提供安装说明、使用说明文档；  、,6、对现有软件产品的问题进行定位分析并修复；  ,7、定期向上级领导汇报个人工作情况；  ,8、对于公司安排的其他工作，及时向上级领导汇报情况。 ,任职要求：  ,1、本科以上学历，3年以上Java开发经验；  ,2、熟练使用Hibernate、Mybatis、Spring、Struts、SpringMVC、Spring Boot/Spring Cloud等开发框架进行业务开发，熟悉MVC架构；  ,3、对于多线程并发、网络编程、IO有一定的掌握和应用经验；  ,4、熟悉NoSQL、缓存等技术并有一定的应用经验；  ,5、熟悉大数据生态圈常用框架和技术。  ,6、可独立搭建Java开发环境，熟练使用Myeclipse、Eclipse、IntelliJ IDEA等IDE中的至少一种；  ,7、熟练使用Linux环境进行部署、调试；  ,8、熟悉JBOSS、TOMCAT等容器的配置与应用；  ,9、熟练使用SQL，熟悉PostgreSQL、Oracle、MySQL、SQL Server等主流数据库的安装和应用；  ,10、具备一定的自测意识，熟练使用Junit等工具进行单元测试；  ,11、有较强的自学能力和独立解决问题的意识，具备一定的代码设计能力，思维敏捷、思路清晰，熟悉常用的设计模式；  ,12、有主动的团队合作开发精神与意识，有良好的沟通协调能力；  ,13、熟悉RESTful API开发；  ,14、熟悉Flink、scala者优先；  ,15、掌握Node.js开发者优先；  ,16、有互联网应用服务端开发经验者优先。"
Java开发工程师（武汉）,面议,湖北省-武汉,上海宝尊电子商务有限公司（脉聘）-招银云创,",1、参与系统后台服务的设计和开发；  ,2、对设定的功能进行系统设计、编码、单元测试以及开发文档编写；  ,3、配合进行产品测试和验收工作，组织软件系统的安装调试；  ,4、参与软件模块的代码正规检视、设计文档正规检视、设计评审等质量保证活动；  ,5、维护优化现有应用及日常故障处理。  ,  ,1、2021/2020届统招全日制本科毕业，计算机相关专业；  ,2、Java语言基础扎实，对面向对象和J2EE有较清晰的认识，熟悉主流Java Web框架，熟悉各种常用设计模式；  ,3、熟练掌握SQL语言，熟悉MySQL, Oracle等关系型数据库，熟悉linux操作系统；  ,4、热爱软件开发，沟通能力好、学习能力强、工作踏实、积极主动，有团队合作精神；  ,5、加分项：在校成绩优异、有大企业java实习经验、熟悉web前端技术、熟悉python/C++/GO、可实习。,注：面试为线下面试，预计在3月20日左右"
Java开发,6000-10000,北京,北京大豪科技股份有限公司,
高级软件研发工程师（Java方向）,面议,北京 四川省-成都,中电科网络空间安全研究院有限公司-中电科网络空间安全研究院有限公司,"职责描述：,1.负责模块软件设计； ,2.负责相关项目功能模块的编程实现； ,3.完成功能模块的单元测试； ,4.配合完成项目的集成测试和系统测试。,岗位要求：,1.电子、通信等相关专业； ,2.通信与信息系统、信号处理、测向等相关专业，掌握数字信号处理、模/数电、通信原理、软件工程、软件无线电等课程知识； ,3.熟练掌握信号处理等基础知识，具有一定的独立设计信号处理能力，从事测向和定位等算法研究、设计者优先； ,4.掌握MATLAB、DSP、FPGA、VC等开发语言优先；  ,5.责任心强，能吃苦耐劳；创新性强。"
JAVA工程师,面议,,北京市人才服务中心-中国人寿保险股份有限公司北京市海淀支公司,
JAVA开发工程师,面议,四川省-成都,中国电子科技网络信息安全有限公司-中国网安总部及三十所,"职责描述：,1.负责应用软件模块的设计、需求分析、开发、技术文档编写； ,2.负责完成功能模块的单元测试； ,3.负责与软件外包团队的需求对接、进度检查、项目管理。,任职要求：,1.本科及以上学历，计算机、软件等相关专业； ,2.熟练运用Java开发语言，有spring boot、spring cloud、SSM等框架运用经验； ,3.具备Css、javaScript等前端开发、Go语言和node.js的开发能力； ,4.熟悉TCP/IP通信协议、P2P协议、分布式存储系统的基本原理； ,5.具有较强的调试和解决问题的能力； ,6.具有良好的沟通能力和团队合作精神。"
技术部Java工程师（新华互联）,面议,,中国出版集团-新华书店总店有限公司,"软件工程/计算机科学与技术,本科及以上,1.参与公司互联网产品架构设计、开发实现工作； ,2.参与撰写公司互联网产品研发过程中概要设计文档、详细设计文档、接口文档等； ,3.参与公司互联网产品在实现过程中的技术难题，如分布式系统设计、性能调优、可靠性、数据库等。,1.计算机、软件等相关专业统招大学本科及以上学历； ,2.热爱编程，基础扎实，熟悉掌握但不限于JAVA/Python/JS/GO等编程语言中的一种或数种，有良好的编程习惯； ,3.具备独立工作能力和解决问题的能力、善于沟通，乐于合作，热衷新技术，善于总结分享，喜欢动手实践； ,4.对数据结构、算法有一定了解； ,5.优选条件： ,（1）具有互联网软件等相关产品开发经验，不满足于课堂所学，在校期间积极参加校内外软件编程大赛或积极参于编程开源社区组织； ,（2）熟悉Spring/SpringBoot/Dubbo/Redis/Nginx/MQ/ES等后端开发技术及中间件使用。"
Java开发工程师,面议,湖北省-武汉 北京,北京市人才服务中心-京东集团,"1-2020年10月1日至2021年9月30日期间毕业，统招本科及以上学历； ,2-具有非常强的责任心，能够承担压力做事细心，参与独立系统的设计、开发、维护工作； ,3-了解web前端开发的基础知识，会面向对象程序设计（OOP）与基本的设计模式，了解linux及基本的操作命令； ,4-具有良好的算法基础及系统分析能力； ,5-认真细致，踏实勤奋，具有较好的团队协作精神和沟通能力。"
初级Java开发工程师,面议,湖北省,招银云创（脉聘）-招银云创（脉聘）,",1、参与系统后台服务的设计和开发； ,2、对设定的功能进行系统设计、编码、单元测试以及开发文档编写； ,3、配合进行产品测试和验收工作，组织软件系统的安装调试； ,4、参与软件模块的代码正规检视、设计文档正规检视、设计评审等质量保证活动；  ,5、维护优化现有应用及日常故障处理。  , , ,1、掌握Java开发语言，熟悉常用框架（如SSM、Quartz等框架），掌握基本的多线程、IO、数据库操作技能，了解JVM的类加载、GC等机制，掌握JavaEE技术，熟悉Tomcat、Jetty、JBoss等应用服务器的安装、调试、配置及使用；  ,2、熟悉TCP/IP和HTTP等协议；  ,3、熟练使用Oracle、DB2、MySQL的其中一种数据库，并掌握相应的数据库编程技术；  ,4、了解缓存、队列等分布式架构技术；  ,5、对技术有追求，有学习新技术的途径与习惯；  ,6、逻辑能力强，良好的职业素养，较好的沟通能力与技术学习能力，具有团队合作精神，充满工作热情，人品正直诚实，能承受工作压力。"
内推测试2,面议,上海,联合利华2022届秋招-联合利华2022届秋招,测试2
测试不如做游戏开发更赚钱,8000-12000,,北京市人才服务中心-北京市海淀区汇众益智职业技能培训学校,
测试职位-勿投,面议,上海,大同人民政府-测试公司十四,测试职位
测试-请勿投递,面议,北京,联合利华2021暑期实习-联合利华2021暑期实习,测试，请勿投递
安全鉴定/综合检测,面议,上海,中国长江三峡集团有限公司-上海勘测设计研究院有限公司,"水利水电工程相关专业,本科及以上 ,工程师及以上 ,参与或负责过水利水电检测、施工、设计等项目，技术水平过硬 具有水利、水运、地基结构相关检测证书者优先,40岁以下,具有较强的文字报告编写能力，适合出差"
新能源科学与工程/风能动力工程（江苏运维公司）,面议,江苏省,中国长江三峡集团有限公司-中国三峡新能源（集团）股份有限公司,"1、招聘人数：10人  ,2、学历要求：本科及以上  ,3、工作地点：江苏、辽宁、山东、福建、广东等"
桩基检测/海上风电、水运检测,面议,上海,中国长江三峡集团有限公司-上海勘测设计研究院有限公司,"土木工程 本科及以上 ,工程师及以上 ,参与或负责过水利或水运试验检测项目，技术水平过硬，如参与或负责过海上风电试验检测项目者优先 具有水利、水运、地基结构相关检测证书者优先 ,具有较强的项目管理能力和文字报告编写能力，适合出差"
土工合成材料检测,面议,上海,中国长江三峡集团有限公司-上海勘测设计研究院有限公司,"岩土、材料、高分子化学相关专业 ,本科及以上 ,有土工合成材料测试工作经验"
测试职位（内部测试使用）,1000-2000,天津,大同市人民政府-58同城,"测试使用,测试使用,测试使用"
原材料检测员,面议,上海,中国长江三峡集团有限公司-上海勘测设计研究院有限公司,"材料类、工程类 ,大专及以上 ,中级 职称以上,有检测相关经历优先 ,水利检测员混凝土类证书"
CIS 测试工程师（社招硕士）,面议,重庆,联合微电子中心有限责任公司-联合微电子中心有限责任公司,",微电子，电子工程，通讯技术，自动化等相关专业,  ,本科及以上学历  ,  ,1. 根据产品规范，制定测试方案，完成产品CP、FT测试与程序优化，负责测试结果分析和测试良率提升,2. 开发调试CIS测试程序，图形算法，开展测试接口硬件设计 ,3. 开展图像模组测试设备引进与模组验证工作 ,4. 开展测试新技术研究工作,5. 负责处理CP/FT 测试封装外协工作 ,6. 负责功能测试系统采购引进，验收与运行,  ,1. 英文良好，有很强的沟通协调能力 ,2. 熟悉编程语言和技巧，了解电路设计和ATE测试原理 ,3.了解CIS的基本功能特性，熟悉半导体产品设计与工艺流程 ,4. 熟悉 I/O 电路板开发，具备测试数据与影像数据处理与分析能力 ,5. 了解IC design 流程"
监测、检测类,面议,上海,中国长江三峡集团有限公司-上海勘测设计研究院有限公司,"工程测量/测绘工程/水利水电/港口工程/岩土工程等相关专业 ,监测及监测管理、安全鉴定、综合检测、桩基检测、海上风电水运检测、土工合成材料检测、原材料检测"
CIS 测试工程师（校招硕士）,面议,重庆,联合微电子中心有限责任公司-联合微电子中心有限责任公司,",微电子，电子工程，通讯技术，自动化等相关专业,  ,本科及以上学历,  ,1. 根据产品规范，制定测试方案，完成产品CP、FT测试与程序优化，负责测试结果分析和测试良率提升,2. 开发调试CIS测试程序，图形算法，开展测试接口硬件设计,3. 开展图像模组测试设备引进与模组验证工作,4. 开展测试新技术研究工作,5. 负责处理CP/FT 测试封装外协工作,6. 负责功能测试系统采购引进，验收与运作,  ,1. 英文良好，有很强的沟通协调能力 ,2. 熟悉编程语言和技巧，了解电路设计和ATE测试原理 ,3.了解CIS的基本功能特性，熟悉半导体产品设计与工艺流程 ,4. 熟悉 I/O 电路板开发，具备测试数据与影像数据处理与分析能力 ,5. 了解IC design 流程"
内推测试1,面议,上海,联合利华2022届秋招-联合利华2022届秋招,测试1
测试-2022年南开大学双选会预报名职位,面议,,大同人民政府-百城千校,
网站运维、技术支持  信息管理与信息系统专业,面议,北京,北京京才人才开发中心有限公司,
生产运维,9000-10000,北京 河北省,北京京能清洁能源电力股份有限公司北京分公司,
网站运维、技术支持,面议,北京,北京京才人才开发中心有限公司,
测试11,面议,,邢新ATS测试项目-机构1,
测试012,面议,,邢新ATS测试项目-机构11,
现场检测,面议,上海,中国长江三峡集团有限公司-上海勘测设计研究院有限公司,"测量 相关专业,专科及以上 ,测量技术熟练，基本理论知识扎实，测量经验丰富 ,具有水利检测、测量相关证书者优先,具有较强的文字报告编写能力，适合出差"
IT运维实习生,面议,北京,大同市人民政府-北京稻香村食品有限责任公司,",IT运维实习生,  ,北京市,  ,计算机相关专业"
JAVA开发工程师,面议,四川省-绵阳,四川长虹电子控股集团有限公司软件与服务中心,"专业要求： 计算机软件相关  ,工作地点： 四川成都、四川绵阳"
运维工程师（广州）,面议,广东省-广州,中华英才网云招聘-中国移动云能力中心,",原则上为2021年普通高等教育形式国民教育系列硕士研究生及以上学历的应届毕业生。个人特别优秀的可适当放宽至大学本科学历。  ,  ,计算机、网络、通信及相关专业  ,  ,1、熟悉IT类软硬件（服务器、存储、数通网络、操作系统、数据库、IT应用等专业的一种或多种）运维知识；  ,2、熟悉主流Linux操作系统，有RHCE、CCNP、OCP等证书或同级别证书者优先；  熟悉使用MySQL/Oracle/PostgreSQL中至少一种者优先；  ,3、熟悉云计算、大数据领域的开源软件（如OpenStack、Ceph、hadoop等）技术者优先；  ,4、熟悉软件产品的实施交付、技术支持等工作，有软件开发经验者优先。  ,  ,拥有较强的自我驱动力和学习能力，逻辑思维能力和自我管理能力优秀，时间意识良好。"
（集团系统内）风电运维服务岗、光伏运维服务等岗位,面议,浙江省-杭州,中国核工业集团有限公司-中核山东能源有限公司,"风电运维服务岗 1人,1.大学本科及以上学历，专业不限； 2. 具有三年及以上电厂运维工作经验，熟悉风电运维管理相关工作；  3.具有新能源项目管理经验的优先考虑； 4.具有较强的工作执行力、计划组织能力、沟通协调能力。 ,光伏运维服务岗 1人 ,1.大学本科及以上学历，专业不限； 2.具有三年及以上电厂运维工作经验，熟悉光伏运维管理相关工作； 3.具有新能源项目管理经验的优先考虑；  4.具有较强的工作执行力、计划组织能力、沟通协调能力。 ,生产信息岗 1人 ,1.大学本科及以上学历，专业不限； 2.具有三年及以上电厂运维工作经验，熟悉生产指标统计分析相关工作；  3.有新能源电厂生产运行软件、信息系统开发管理相关工作经验的优先考虑； 4.具有较强的工作执行力、计划组织能力、沟通协调能力。 ,电力营销岗 1人 ,1.大学本科及以上学历，专业不限； 2.具有三年及以上电厂运维工作经验； 3.熟悉电力营销政策法规；  4.具有生产计划或电力销售相关工作经验的优先； 5.具有较强的工作执行力、计划组织能力、沟通协调能力。 ,风电设备技术岗 1人 ,1.大学本科及以上学历，专业不限； 2.具有三年及以上电厂生产、技术或工程相关工作经验； 3.熟悉设备管理和改造工作；  4.具有风电设备技术管理管理和改造项目实施工作经验的优先考虑； 5.具有较强的工作执行力、计划组织能力、沟通协调能力。 ,光伏设备技术岗 1人 ,1.大学本科及以上学历，专业不限； 2.具有三年及以上电厂生产、技术或工程相关工作经验，熟悉设备管理和改造工作；  3.具有光伏设备技术管理管理和改造项目实施工作经验的优先考虑； 4.具有较强的工作执行力、计划组织能力、沟通协调能力。"
Java开发工程师（苏州）,面议,,中移（苏州）软件技术有限公司-中移（苏州）软件技术有限公司,
电力运维管理2,面议,天津,大同人社局-北京城建集团有限责任公司工程总承包部,
电力运维管理,面议,天津,大同人社局-北京城建集团有限责任公司工程总承包部,
空调制冷运维管理,面议,北京,大同人社局-北京二商希杰食品有限责任公司,
空调制冷运维管理,面议,天津,大同人社局-北京城建集团有限责任公司工程总承包部,
电力运维管理,面议,北京,大同人社局-北京二商希杰食品有限责任公司,
渗透测试,面议,四川省-成都,中国电子科技网络信息安全有限公司-中国网安总部及三十所,"职责描述：,从事互联网、移动通信网、嵌入式设备相关的渗透测试。,任职要求：  ,1.通信、信息安全等相关专业； ,2.熟练掌握渗透工具，具备独立写脚本、插件等开发经验； ,3.能够独立承担渗透测试任务，具备大型网络渗透经验者优先。"
项目经理（勘察检测研究院（工程检测中心））02,面议,上海,中国长江三峡集团有限公司-上海勘测设计研究院有限公司,"专业：工程测量/测绘工程 ,本科或硕士 ,中级及以上职称 ,从事监测及监测管理工作5年及以上"
项目经理（勘察检测研究院（工程检测中心））01,面议,上海,中国长江三峡集团有限公司-上海勘测设计研究院有限公司,"专业：水利水电/港口工程/岩土工程,工作经历及业绩要求：从事监测及监测管理工作5年及以上,中级以上职称"
CIS 测试工程师（社招本科）,面议,重庆,联合微电子中心有限责任公司-联合微电子中心有限责任公司,",微电子，电子工程，通讯技术，自动化等相关专业,  ,本科及以上学历  ,  ,1. 根据产品规范，制定测试方案，完成产品CP、FT测试与程序优化，负责测试结果分析和测试良率提升,2. 开发调试CIS测试程序，图形算法，开展测试接口硬件设计 ,3. 开展图像模组测试设备引进与模组验证工作 ,4. 开展测试新技术研究工作,5. 负责处理CP/FT 测试封装外协工作 ,6. 负责功能测试系统采购引进，验收与运行,  ,1. 英文良好，有很强的沟通协调能力 ,2. 熟悉编程语言和技巧，了解电路设计和ATE测试原理 ,3.了解CIS的基本功能特性，熟悉半导体产品设计与工艺流程 ,4. 熟悉 I/O 电路板开发，具备测试数据与影像数据处理与分析能力 ,5. 了解IC design 流程"
CIS 测试工程师（校招本科）,面议,重庆,联合微电子中心有限责任公司-联合微电子中心有限责任公司,",微电子，电子工程，通讯技术，自动化等相关专业,  ,本科及以上学历,  ,1. 根据产品规范，制定测试方案，完成产品CP、FT测试与程序优化，负责测试结果分析和测试良率提升,2. 开发调试CIS测试程序，图形算法，开展测试接口硬件设计,3. 开展图像模组测试设备引进与模组验证工作,4. 开展测试新技术研究工作,5. 负责处理CP/FT 测试封装外协工作,6. 负责功能测试系统采购引进，验收与运作,  ,1. 英文良好，有很强的沟通协调能力 ,2. 熟悉编程语言和技巧，了解电路设计和ATE测试原理 ,3.了解CIS的基本功能特性，熟悉半导体产品设计与工艺流程 ,4. 熟悉 I/O 电路板开发，具备测试数据与影像数据处理与分析能力 ,5. 了解IC design 流程"
MEMS测试工程师（社招）,面议,重庆,联合微电子中心有限责任公司-联合微电子中心有限责任公司,",微电子/电气/物理/光学/材料/化学/机械等相关专业,  ,硕士研究生及以上学历  ,  ,1. 压电式柔性传感MEMS芯片性能测试评估系统、环境的搭建,2. 芯片以及传感系统测试方案的制订与执行,3. 撰写测试文档、SOP、技术和专利报告,  ,1. 具有相关专业硕士及以上学位,2. 有IC、MEMS芯片测试3年以上工作经验，并对晶圆测试有一定了解,3. 熟悉IC、MEMS产品测试原理，并可根据芯片规格设计测试方法,4. 会使用测试仪器对测试异常进行诊断，并改善测试缺陷,5. 了解测试数据分析方法，并根据测试数据制作测试报告 ,6. 能熟练进行信号发生器、示波器、网分、半导体参数分析仪等测试仪表设备的使用、校准,7. 熟悉压电、声学MEMS器件测试者优先,8. 具有分立器件板级电路设计经验者优先,9. 性格开朗，善于沟通"
测试1,面议,,邢新ATS测试项目-邢新ATS测试项目,
测试工程师（武汉）,面议,湖北省-武汉,上海宝尊电子商务有限公司（脉聘）-招银云创,",1、参与产品需求评审，分析并制定测试计划和策略，测试用例设计并参与用例评审；  ,2、执行测试用例，缺陷深入定位跟踪及解决，并协助开发分析解决问题；  ,3、跟进项目迭代，推进项目进度，保证项目质量；  ,4、及时汇报测试进度和测试结果；  ,  ,1、2021/2020全日制本科及以上学历，计算机相关专业；  ,2、了解产品的研发流程和质量保障流程；  ,3、熟悉网络协议（Https、Http、TcpIP），使用抓包工具Charles  fiddler等工具进行抓包测试，能够使用常见的自动化测试工具；  ,4、掌握SQL和linux命令；  ,5、了解各种常见软件测试技术、方法和工具，如功能测试、性能测试、兼容性测试等；  ,6、良好的沟通能力、团队协作能力、学习能力，较强的责任心和自我驱动能力。,注：面试为线下面试，预计在3月20日左右"
测试工程师（武汉）,面议,湖北省-武汉,中华英才网云招聘-招银云创,",1、参与产品需求评审，分析并制定测试计划和策略，测试用例设计并参与用例评审； ,2、执行测试用例，缺陷深入定位跟踪及解决，并协助开发分析解决问题； ,3、跟进项目迭代，推进项目进度，保证项目质量； ,4、及时汇报测试进度和测试结果； ,  ,1、2021/2020全日制本科及以上学历，计算机相关专业； ,2、了解产品的研发流程和质量保障流程； ,3、熟悉网络协议（Https、Http、TcpIP），使用抓包工具Charles  fiddler等工具进行抓包测试，能够使用常见的自动化测试工具； ,4、掌握SQL和linux命令； ,5、了解各种常见软件测试技术、方法和工具，如功能测试、性能测试、兼容性测试等； ,6、良好的沟通能力、团队协作能力、学习能力，较强的责任心和自我驱动能力。"
无损检测技术员,面议,贵州省-遵义,中国航天科工集团贵州航天技术研究院-贵州梅岭电源有限公司(航天朝阳),"岗位要求,1.负责公司产品及外协外购产品X射线检测、超声检测、检漏、目视检测等无损检测技术工作及相关质量管理工作； ,2.完成领导交办的其它工作。,岗位要求,本科及以上学历，从事过无损检测技术工作或具有无损检测资格证的人员优先录用"
调试（测试）,面议,四川省-成都,中国电子科技网络信息安全有限公司-中国网安总部及三十所,"职责描述：  ,1.承担批产项目技术负责人；  ,2.产品调试工艺设计；  ,3.产品调试环境搭建、产品维修。  ,任职要求：  ,1.本科及以上学历，计算机、通信、网络、电子等侧重硬件的专业方向；  ,2.较强的学习与动手实践能力；  ,3.良好的沟通能力与团队协作精神；  ,4.良好的政治素质。"
系统开发工程师 （Java方向）,面议,上海,东方证券资产管理有限公司,
Java研发实习生,面议,北京,度小满科技（北京）有限公司,"需求人数：10  需求专业：计算机相关专业优先  学历要求：本科及以上 工作地点：北京/上海 ,1.java基础良好，熟悉主流的java开发框架以及通用算法； 2.熟悉至少一种主流的数据库，如oracle，mysql； 3.较好的逻辑分析能力，思维缜密、思路清晰； 4.良好的沟通和口头、书面表达能力； 5.有数据BI分析相关项目实习开发经验的优先。"
测试,面议,,邢新ATS测试项目-邢新ATS测试项目,
JAVA（软件）开发工程师,面议,北京,大公国际资信评估有限公司,
产品化测试工程师,面议,四川省-成都,中国电子科技网络信息安全有限公司-中国网安总部及三十所,"职责描述：  ,1.测试需求分析，测试设计；  ,2.按测试需求、方案及用例执行产品化测试、自动化测试或安全性测试；,3. 测试执行、问题交流沟通、编制测试文档；  ,4.自动化测试开发、应用；安全性测试相关技术研究、应用。  ,任职要求：  ,1.本科及以上学历，计算机、通信、密码学、电子等相关专业；  ,2.熟悉软件测试流程、测试方法和掌握相关工具；  ,3.具备优秀的测试技术能力、交流沟通能力、学习能力，创新能力；  ,4.能承受工作压力；  ,5.具备自动化测试或安全性测试经验者优先。"
Java开发工程师,面议,江苏省-苏州,中华英才网云招聘-中国移动云能力中心,
软件开发岗 （Java开发方向）,面议,北京,中华英才网云招聘-中国人寿财产保险股份有限公司,
Java开发工程师（校招）,面议,北京,阳光产险信保事业部,"1,计算机相关专业,本科,北京,1、从事业务需求开发；,2、从事系统功能自测； ,3、负责技术文档编写； ,4、参与需求分析、系统设计、测试的协作沟通； ,5、完成上级交办的其他工作。"
Java开发工程师,6000-10000,浙江省-杭州,杭州易和互联软件技术有限公司,
系统开发工程师 （Java方向）,面议,上海,中国人民大学2020年经管专场全职/实习网络双选会-东方证券资产管理有限公司,计算机相关专业
java开发工程师,面议,内蒙古自治区 北京,北京科电亿网互联网科技有限公司,
食品检测员,面议,北京,大同人社局-北京盈禾优仕科技有限责任公司武汉分公司,
分析测试技术岗,5000-11000,江西省-南昌,中国核工业集团有限公司-核工业二七0研究所,
Java开发工程师,面议,,济南数维信息科技有限公司,"需求专业： 计算机软件或相关专业毕业,招聘人数： 3 ,公司地址：济南市高新区宝威科技园四号楼四楼"
自动驾驶仿真测试工程师（长春）,面议,,中华英才网云招聘-一汽-大众汽车有限公司,"1.负责自动驾驶仿真测试工作，包括场景搭建、仿真模型建立，测试实施 ,2.负责自动驾驶台架（HIL）测试工作 ,3.负责自动驾驶实车测试工作 ,4.负责自动驾驶开发工具链的搭建及维护, ,1.2年内取得海外院校毕业证的本科及以上学历留学生  ,2.计算机科学与技术、电子科学与技术、控制科学与工程（自动化）、智能驾驶相关专业  ,3.海外留学生外语能力符合下列条件之一：,（1）托福成绩80分及以上或雅思6.0分及以上；,（2）TestDaF 16分及以上、DSH-2及以上；,（3）CET6-425分及以上；,（4）高中及以前即已出国，通过预科、语言课程、国内外（境内外）院校联合培养方式的出国人员，对语言考试成绩不做强制要求，但需提供相应证明材料 ,4. 掌握C++、Ptyhon编程语言，会使用常用的仿真测试工具，例如Carsim、PreScan、matlab等，了解自动驾驶仿真测试方法、开展流程 ,5.有较强的自我驱动能力、学习能力、抗压能力 ,6. 2020年尽可能入职"
测试工程师,面议,北京,北京大华无线电仪器有限责任公司,
茶叶质量检测员,6000-8000,北京,北京二商京华茶业有限公司,
车联网E2E测试工程师（长春）,面议,,中华英才网云招聘-一汽-大众汽车有限公司,",1.深度参与车型项目需求定义、分析、设计过程，全面了解车联网功能需求 ,2.负责撰写端到端测试用例 ,3.负责开展端到端测试并识别问题根因，合理分发至各研发团队 ,4.追溯测试问题处理情况, ,1.毕业时间为2021年12月前的本科及以上学历海外在校生 ,2.计算机科学与技术、软件工程、电子科学与技术、信息与通信工程、控制科学与工程相关专业,3.海外留学生外语能力符合下列条件之一：,（1）托福成绩80分及以上或雅思6.0分及以上；,（2）TestDaF 16分及以上、DSH-2及以上；,（3）CET6-425分及以上；,（4）高中及以前即已出国，通过预科、语言课程、国内外（境内外）院校联合培养方式的出国人员，对语言考试成绩不做强制要求，但需提供相应证明材料 ,4.熟悉测试设计、分析、问题跟踪等工具、方法与理论，对测试个人理解。有在快速交付项目中主导自动化测试、性能测试等的实际成功经验 ,5.测试基础扎实，熟悉计算机、网络原理，熟悉Python语言、java语言尤佳 ,6.成绩优秀、身体健康 ,7. 2021年可入职。,非应届支持实习，可投递，在个人姓名上标明实习"
宝石检测岗,6000-8000,北京,北京国首珠宝首饰检测有限公司,
宝石检测岗,面议,北京,大同人社局-北京北辰洲际酒店,
系统测试,面议,北京,大同人社局-北京公交集团党校,
检测中心专员（品控）,面议,山西省-临汾,大同人社局-北京城建集团有限责任公司工程总承包部,
测试,面议,,邢测试初始化-邢测试初始化,
测试职位测试,面议,,邢新ATS测试项目-邢新ATS测试项目,
测试工程师,面议,北京,中华英才网云招聘-伴鱼,",1、深度参与产品研发项目， 协同产品经理、设计、研发团队，保障交付产品质量 ,2、能独立完成相关业务的用例设计和自动化实现，对线上线下问题跟进和分析                          ,  ,1、2021年毕业应届生，计算机及相关专业，本科及以上学历； ,2、熟练使用Golang/C/C++/Python/Java等语言之一进行代码编写 ,3、了解并可以使用MySQL、Mongodb等数据库一种或多种 ,4、熟悉软件测试，数据结构，算法，操作系统、TCP/IP等网络基础知识 5、良好的沟通能力，具备测试思维，能清晰准确的传达自己的想法 ,6、有较强的学习能力，关注测试领域前沿技术  ,具有以下经历优先考虑 ,1、在校学习成绩优异 ,2、有作为核心人员参与实验室项目的经历 ,3、有主流互联网公司的实习经历 ,4、根据测试计划，保证测试进度和质量；参与质量体系规划与建设 ,5、发现可完善的研发、测试过程中质量和效率的问题, 提出明确改进意见，并参与实现"
Java开发工程师,面议,天津,北京联想云科技有限公司,"计算机相关专业；  ,5人；  ,天津。"
三峡（凉山）能源投资有限公司  生产管理部（运维中心）生产运行岗,面议,四川省,中国长江三峡集团有限公司-三峡集团四川能源投资有限公司,",1.大学本科及以上学历，3年及以上相关专业工作经历； ,2.熟悉电力安全工作规程、运行规程、调度规程、事故调查规程、两票标准等相关专业知识，熟悉发电系统及设备原理、检修工艺及质量标准； ,3.在风机、光伏项目有过运行维护经验者优先考虑录用；拥有相关工程师、技能等资格证书者优先考虑录用；经验丰富，专业学科等有专长优先考虑； ,4.服从公司调配，能适应高海拔工作环境； ,5.具备履行本岗位职责所需的身体和心理素质。,  ,1.负责现场各项工作，完成当值设备的运行、维护、数据管理等任务； ,2.正确完整接受调度指令，组织实施调度指令并监护倒闸操作和事故处理； ,3.组织做好设备巡视、日常维护及完成本班的安全活动和培训工作； ,4.审查工作票和操作票，审查运行工作记录并保证其正确完备，按规定做好交接班工作； ,5.完成领导交办的其他工作。"
运维与产品开发岗（中国供销电子商务有限公司（北京全国棉花交易市场集团有限公司））,面议,,中国供销集团-中国供销电子商务有限公司,",1.管理市场IT产品源代码和设计文档；   ,2.与业务需求部门有效沟通，将业务需求通过技术语言专业表述；,3.参与系统设计、开发、调试和相关测试工作；,4.负责相关技术文档及用户手册的编写及培训工作，参与制定维护策略；   ,5.负责部分Java类实施项目的概要设计、详细设计；   ,6.负责部分b/s系统的简单二次开发和部分报表开发。                         ,  ,1.软件工程、计算机科学与技术或相关计算机专业，硕士研究生学历；   ,2.熟悉Java编程，包括jvm、多线程、连接池、缓存等；了解目前流行开源框架(spring/mvc  /mybatis、hibernate)，并且对其核心思想、实现原理有一定认知；   ,3.熟练掌握SQL语句；了解Oracle、mysql、DB2等至少一种数据库，对sql优化有一定经验者优先考虑；   ,4.有良好的代码书写、注释和单元测试习惯；                                        ,5.了解Hadoop,MapReduce应用开发，了解HBase、MapReduce、Storm等大数据开发工具，有分布式数据处理经验者优先考虑。"
高级Java工程师,面议,北京,58 X 腾讯课堂-龙湖集团,
信息科技中心-APP后台JAVA开发,面议,其他,58 X 腾讯课堂-大家保险集团,"。,。,。"
JAVA软件开发工程师,面议,北京,58 X 腾讯课堂-京东,
运维人员,面议,河南省,中国核工业集团有限公司-湖南新华水利电力有限公司,
JAVA 开发专家,面议,北京,58 X 腾讯课堂-京东,
道路检测工程师,7000-8000,北京,北京奥科瑞检测技术开发有限公司,
Java后台开发工程师-研发类（中航信移动科技有限公司）,面议,北京,58 X 腾讯课堂-中国民航信息网络股份有限公司,
Java开发工程师-数据研究院,面议,北京,北京东方金信科技有限公司,
Java 开发工程师-产品中心,面议,北京,北京东方金信科技有限公司,
JAVA实习生,面议,湖北省-武汉,中华英才网云招聘-武汉大润发江汉超市发展有限公司,
校招-软件开发与创新岗（Java方向/C语言方向）,面议,其他,58 X 腾讯课堂-中国人寿研发中心,
Java开发工程师（武汉）,面议,湖北省-武汉,中华英才网云招聘-招银云创,
Java开发,面议,北京,北京大豪科技股份有限公司,
测试1,面议,,邢新ATS测试项目-邢新ATS测试项目,
（2020届春招）应用软件开发工程师（Java）,面议,浙江省-杭州,海康威视,",1、在软件项目经理的领导下，配合完成程序设计和开发；  ,2、按产品需求进行软件设计和编码实现，确保安全、质量和性能；  ,3、参与内部测试、部署、实施等工作；  ,4、分析并解决软件开发过程中的问题。  ,  ,1、本科及以上学历，计算机类相关专业；  ,2、对面向对象程序设计和开发有较深入理解，熟悉常用设计模式；  ,3、具备较为扎实的Java语言开发功底，熟悉java EE平台相关知识；  ,4、熟悉Struts/SpringMVC/Hibernate等开发框架；  ,5、熟悉Tomcat、JBoss、Weblogic等应用服务器中的一种。"
Java工程师,面议,上海,英才海外频道-Micro Focus,"Involved in the agile practices and developing new features of PPM products, including coding, testing and write automation cases,Perform problem diagnosis, troubleshooting, and resolution., ,Development capabilities in Java and JSP (must),Bachelor' s degree in Computer Science or equivalent.,Ability to work independently with little supervision,Highly motivated and autonomous.,Have passions for technology and have the ability of      self-learning,Good communication skills.,Able to do written and verbal communication with English. Work with foreigners with English.,Ability to quickly understand product functionalities,Development capabilities in SQL, ,As a member of the RnD team, you will be developing new features of an enterprise product.  The product is widely used by the 500 fortune companies and provides portfolio management capabilities to help enterprise become lean and achieve business agility."
电机和动力系统测试工程师,面议,北京,北京市人才服务中心-精进电动科技股份有限公司,
测试2,面议,,英才内推-中华英才网,
产品经理（单细胞/DNA/基因检测）,面议,北京,北京市人才服务中心-北京博奥晶典生物技术有限公司,"生物学相关专业,博士学历,1.熟悉二代测序技术，具备较强的文案撰写、书面表达能力，对创造设计产品具有高度的热情以及一定的市场敏感度。,2.具备较强的团队精神和组织能力。"
电磁兼容（EMC）测试工程师,面议,北京,北京市人才服务中心-精进电动科技股份有限公司,电气或电磁场相关专业
科研岗-环境监测仪器计量检测装置的设计与开发,面议,北京,北京市人才服务中心-北京市计量检测科学研究院,
科研岗-医学计量领域测量仪器及检测方法开发,面议,北京,北京市人才服务中心-北京市计量检测科学研究院,
科研岗-体外诊断及核酸检测标准物质研制,面议,北京,北京市人才服务中心-北京市计量检测科学研究院,"生物科学，生物技术，生物医药,1.专业对口，获得博士学位时间一般不超过3年； ,2.品学兼优、身体健康且年龄在35周岁以下; ,3.尚未正式安排固定工作； ,4.体检合格； ,5.政审合格； ,6.具有较强的科研能力和敬业精神，有志于从事计量事业，能够尽职尽责地完成博士后研究工作"
车辆道路测试研究博士后,面议,天津,北京市人才服务中心-中国汽车技术研究中心有限公司,
智能座舱测试设备开发博士后,面议,天津,北京市人才服务中心-中国汽车技术研究中心有限公司,
机械工程/机械制造及其自动化（江苏运维公司）,面议,江苏省,中国长江三峡集团有限公司-中国三峡新能源（集团）股份有限公司,
运维开发工程师,面议,浙江省-杭州 北京,北京市人才服务中心-京东集团,
安全运维工程师,面议,四川省-成都,中电科网络空间安全研究院有限公司-中电科网络空间安全研究院有限公司,
职位测试测试,面议,天津,新版ATS内测-新版ATS内测,
检测中心专员（品控）,7000-7100,北京,北京市人才服务中心-北京红星股份有限公司,
食品快速检测技术研发,面议,北京,北京食品科学研究院,
疫苗体外效价测试技术带头人,面议,北京,北京市人才服务中心-北京大北农科技集团股份有限公司,
